Names,State,Invoice..USD..,Paid
"Powers, Kearcy",Indiana,100.78043492279424,No
"Currin, Tazah",Georgia,99.73305880868027,Yes
"Ashcroft-Bitsilly, John",Tennessee,113.2580366074214,No
"el-Nour, Mudrika",Rhode Island,85.13210475534811,Yes
"Aochi, Nicole",Connecticut,42.92094831755422,No
"Shakespeare, Antonio",Florida,76.67784711723347,No
"el-Abdallah, Siddeeqa",Wyoming,108.02100569941709,Yes
"Maclellan, Tyler",Iowa,129.16135287117254,Yes
"Smith, Sainyane",Nevada,87.99235583403275,Yes
"Halliburton, Jeffrey",Alaska,128.24036397793463,Yes
"el-Rahimi, Ya'qoob",New Hampshire,136.25682773828188,No
"Anderson, Lydia",Oklahoma,93.10341742783335,Yes
"Moreno, Ian",Oregon,91.72688785733558,No
"el-Farooqui, Badr",Minnesota,84.54493667234296,No
"Johnson, Konner",Missouri,107.16213199507804,No
"Lam, Jullienne Noelle",Louisiana,58.9247732960807,Yes
"Yong, Roman",Delaware,132.93775692451257,No
"el-Ghazi, Maahir",West Virginia,113.19876399114972,Yes
"Dutchie, Jeremy",Arkansas,84.78726430569284,No
"Rincon, Austin",Wisconsin,115.98384706771076,No
"Wyatt, Patrick",Georgia,119.80000527336458,Yes
"Lloyd, Devon",Louisiana,105.10063294089059,No
"Proper, Madhav",Colorado,124.01951042593356,Yes
"Hunt, Sarah",Delaware,92.15705324631824,Yes
"Chavez, Shureetha",Alabama,71.10651577609698,Yes
"Johnson, Robert",Massachusetts,102.29590434514802,Yes
"James, Kree",Kentucky,104.23412775176321,No
"Takata, Cheyenne",Ohio,133.88161805643654,Yes
"Ulibarri, Ingrid",Georgia,102.76577940448918,No
"Yepez, Jason",Wyoming,113.40251035042886,No
"Salazar, Samantha",Alabama,127.77971873997242,Yes
"Rawlings, Derek",Alaska,110.23178522102268,Yes
"Stewart, Elizabeth",Wisconsin,85.06537943249235,No
"al-Pirani, Rajab",Maryland,105.24724731159824,Yes
"Huynh, Rachel",Wisconsin,158.2356820888465,No
"al-Farman, Shaahira",Nebraska,102.24416201147318,No
"el-Rasul, Ameer",Illinois,51.81792843002363,Yes
"Woods, John",Massachusetts,69.24605952593676,Yes
"Campilan, Isabelle",Nebraska,111.46193263403262,Yes
"Tran, Tony",Massachusetts,77.49141835043469,Yes
"Taylor, Courtney",North Dakota,91.2311752205953,No
"Navakuku, Ryan",Utah,138.4598200704968,No
"Smieja, Corina",Arkansas,84.60594490656526,No
"Lawton, Malakye",Massachusetts,124.18052438720797,Yes
"Mindt, Robert",New Hampshire,113.83997100639623,Yes
"Cruz, Oyuki",Maine,84.7780456048819,Yes
"Hoffmann, Kosuke",South Dakota,99.3038667138783,No
"Etsitty, Kenneth",Montana,117.17170501747017,No
"Vasquez, Nykia",New York,125.09571700170501,Yes
"Khaton, Jamaica",Utah,103.0558774382111,Yes
"Kuhl, Jacob",Florida,121.2804984019333,Yes
"Soto, Vanessa",Maine,148.48312007481866,No
"Campbell, Anay",Michigan,91.18115066207568,No
"Tacuba, Armando",Arizona,55.14753367631748,No
"Damm, Bradley",Georgia,107.57453974636816,Yes
"Jenkins, Britani",Pennsylvania,98.10288642210591,Yes
"Webb, Jamie",Illinois,73.94509490546886,No
"Cobb, Jessica",Alaska,86.90252019252416,No
"Williams, Katherine",Colorado,106.90256897993112,Yes
"el-Yassin, Sameera",Indiana,75.14773768965244,Yes
"Green, Alyssa",South Carolina,101.74552873272512,No
"Miranda, Dennis",California,86.03151517863579,Yes
"Baca, Diego",New Hampshire,89.8886580850906,No
"Lewis, Justin",Rhode Island,92.34087969940724,No
"Chang, Jonathan",Mississippi,97.16675518041257,Yes
"el-Taha, Humaid",Delaware,99.30254542016792,Yes
"Green, Alyssa",South Carolina,78.37859692758119,No
"Cruze, Donovan",Alabama,112.90709190452512,No
"Herbert, Myriem",Pennsylvania,82.8156217344436,Yes
"Kipp, Colin",Nebraska,107.08821258406353,No
"Erman, Batula",Rhode Island,119.49068693392078,Yes
"Gonzalez, Jarid",Minnesota,135.23148554958325,Yes
"Posey, William",Minnesota,108.74787845891474,No
"Johnson, Kenniese",Maryland,85.08410604887302,No
"Hunt, Heather",New Hampshire,90.09823845549391,Yes
"Porter, Tatyanna",Kansas,86.4963184508901,Yes
"Garcia, Carmen",Kansas,102.62802017032212,No
"Rowe, Angelica",California,97.36472031679791,Yes
"Gabrielse, Cody",Arizona,95.21674372134478,Yes
"Busterna, Shaughnessy",Utah,114.35015677686599,No
"Thompson, Huriel",Arizona,60.72576941858104,Yes
"Richardson, Chakara",Indiana,74.6719301115241,Yes
"al-Kazemi, Ghaaliya",Wyoming,99.60999442071817,No
"Ruybal, Andrew",Delaware,140.5728180979679,No
"Miller, Hannah",Tennessee,127.60745278308127,No
"Lloyd, Devon",Louisiana,104.42972587136548,No
"al-Anwar, Sabeeka",Virginia,113.61956350323399,No
"Chhay, Julia",Hawaii,69.74998104260008,No
"Maes, Daniel",Oklahoma,122.70986250934932,No
"Alvarez, Daniel",Oregon,74.42317057353108,No
"Kane, Vanika",Oregon,61.654596278703224,No
"Cortez Sangster, William",North Carolina,85.90583480915399,Yes
"Curry, Kourtney",Delaware,98.37273176447766,Yes
"Nibbelink, Calen",Missouri,58.34220811207888,No
"Baca, Jeffrey",Nebraska,74.21755589200501,No
"Cordova, Monica",New Hampshire,83.26490453822,Yes
"al-Jaffer, Sabaaha",Arkansas,68.96958969081075,Yes
"al-Pirani, Rajab",Maryland,85.2609416268698,Yes
"Davis Jr, Keona",Connecticut,109.05961359480622,No
"el-Maroun, Badri",Louisiana,82.5700484219339,Yes
"Ramirez-Quevado, Sequiyia",New Mexico,115.45111054587396,No
"al-Jaffer, Sabaaha",Arkansas,76.99491640881062,No
"Anyanwu, Chante",Florida,86.98029251814437,No
"Bhartiya, Elizabeth",North Carolina,74.3673882868778,No
"Jeffery, Katlyn",Wisconsin,78.10378290355126,No
"Chouaf, Aleyha",Florida,86.64675770598448,Yes
"Jones, Adrian",Missouri,99.49004263879763,Yes
"Hase, Josiah",South Carolina,71.080096628044,Yes
"Strait, Phydell",Texas,124.96274333455514,No
"el-Raad, Mawdood",Delaware,108.17150011323913,No
"Johnson, Jagger",Missouri,93.1338691269585,Yes
"Bhartiya, Elizabeth",North Carolina,111.09622681479499,Yes
"Maes, Daniel",Oklahoma,121.09252994911628,Yes
"Miller, Shaquille",Washington,97.76237163187712,Yes
"Yu, Nicholas",West Virginia,75.71346055964258,Yes
"el-Rasheed, Mazeeda",Nevada,97.3140843348324,Yes
"Lopez, Loreal",South Dakota,94.37781851112972,Yes
"Thompson, Alizi",New Hampshire,94.71405266033152,No
"Roman, Daniel",North Dakota,128.01267575107315,No
"Garcia, Angelica",Mississippi,107.41662001466305,Yes
"Arzate, Erica",Minnesota,68.10933186393433,Yes
"Lawson, Morgan",Wyoming,132.47098202638085,Yes
"Childs, Julia",Kansas,91.58906202885011,No
"al-Azam,  Muzna",Ohio,117.86174225884758,No
"Tatum, Redanos",Oklahoma,118.06597887752211,Yes
"Davis, Sydney",Hawaii,135.45642986787752,Yes
"Molina, Mario",South Carolina,96.41765608304159,Yes
"Freed, Destiny",Maine,112.63760714346827,No
"el-Malak, Talha",Montana,125.85267928308596,Yes
"Teawdatwan, Sidharth",Nevada,134.91042780045262,No
"Rith, Stephen",Ohio,81.81635112973505,Yes
"Schafer, Andrea",Maryland,100.50644041409275,Yes
"Kim, Pao",Louisiana,116.50079606473224,Yes
"Nagai, Tiffany",Utah,102.02254457953711,No
"Taylor, Abigail",Nevada,102.92987657151639,No
"Marungo, Matthew",Virginia,96.80363216858608,No
"Braun, Justin",Arkansas,102.80266434335068,Yes
"Lazo, Alex",Alabama,87.30314108488727,Yes
"Vandyke, Jelicha",Kansas,103.47664263536336,No
"el-Firman, Shihaab",Oklahoma,113.07397616587772,Yes
"Medina, Alexia",Oklahoma,103.78686190522248,Yes
"Wahl, Mckendra",West Virginia,113.55806798992647,No
"Davis, Cristina",Connecticut,77.28938944800636,Yes
"Barron, Mayra",Florida,90.43568939366756,Yes
"Mathews, Demetrius",Kansas,80.7174366473226,No
"Dorado, Michael",Wisconsin,125.57681265840073,No
"Zubia, Savannah",Oklahoma,75.22190165765966,Yes
"Lial, Ruben",Nevada,126.29971098914174,Yes
"Dorsey, Sierra",Georgia,82.12210225393679,Yes
"Reyes, William",Colorado,106.3217061823116,Yes
"Fouther, Johnny",Mississippi,93.23216815756217,No
"Rodriguez, Michael",Texas,121.93657904560082,Yes
"Bustamante, Jonah",Hawaii,109.65695019275586,No
"Dinsmore, Keisha",Wisconsin,99.91258511115099,No
"Jesmain, Kayla",South Carolina,74.472100011212,Yes
"Davis, Cristina",Connecticut,88.11001272726708,Yes
"Goodbear, Dakota",Alabama,91.32437170809303,Yes
"Fichter, Dominick",Alaska,88.43439804230529,No
"el-Rassi, Ismaeel",New Mexico,101.11323354857784,No
"Vandevelde-Brown, Martaizes",Arkansas,101.54814391528303,Yes
"Senphannarat, Jesika",California,94.26054629269885,No
"Evig, Brooke",South Carolina,115.56211719599551,No
"Zhang, Bilguun",Mississippi,116.19486943245795,No
"Wu, Kevin",Missouri,88.61186054155573,Yes
"Scott, Keanna",Missouri,125.20627546334818,Yes
"al-Salameh, Amal",Delaware,94.76331466534656,Yes
"Velasquez, Ray",Ohio,100.60752950609584,Yes
"Swenson, Kaley",Maine,80.57524577976568,Yes
"Jones, Adrian",Missouri,68.55632176450447,No
"el-Waheed, Abdut Tawwab",Kansas,122.61834482175323,Yes
"Song, John",California,81.37278934501754,Yes
"Medina, Alexia",Oklahoma,101.50437045541405,No
"Thomas, Ander",Georgia,68.61031442976339,No
"Mau, Mercy",Indiana,114.20436673209034,Yes
"Baasch, Cheyene",Oklahoma,100.84777594390673,No
"Morquecho, Gabriel",Arizona,69.23699951419083,No
"el-Sarah, Hilmiyya",Washington,87.86536378139121,Yes
"Johnson, Konner",Missouri,87.68005707859136,No
"Chhay, Julia",Hawaii,81.44563043242762,No
"Scaglione, Taylor",North Dakota,118.20137492437131,No
"Mallery, Dylan",Alaska,97.08581375254337,No
"Burger, Zachary",Florida,142.9373369963652,Yes
"Holder, Haileigh",Hawaii,114.80904354106167,No
"el-Hamady, Rafeeda",Hawaii,113.18774367990974,No
"Doan, Austin",Massachusetts,79.12605805452031,Yes
"el-Rasheed, Mazeeda",Nevada,125.47976990519348,Yes
"el-Abu, Bassaam",Michigan,118.63613860830384,Yes
"el-Abdelrahman, Safaaa",Massachusetts,111.10872203977968,Yes
"el-Muhammed, Rihaab",Vermont,107.76956055088773,Yes
"el-Alam, Zaahid",Iowa,56.79998220261492,No
"Hollins, Santeijha",Delaware,82.46111583727725,No
"Jennings, Keaira",North Carolina,136.23992279560463,Yes
"Vivas, Antonio",Pennsylvania,119.84552586966556,No
"Tsumura, Lilia",Texas,115.09633505734463,Yes
"Jennings, Keaira",North Carolina,133.40869226116678,No
"Rose, Macon",Texas,87.88890790458703,Yes
"Huynh, Rachel",Wisconsin,105.59374481069501,No
"Teawdatwan, Sidharth",Nevada,106.210083108419,No
"Sabey, Steven",Michigan,129.4504968069034,No
"Benson, Sean",Massachusetts,96.7256631207505,No
"Vasquez, Nykia",New York,92.42584987840246,Yes
"el-Hussein, Misbaah",Ohio,114.69088558429313,No
"Arnold, Tony",Arkansas,84.9657928626628,No
"Vargas, James",Connecticut,106.25960752501912,No
"Greenwood, Hannah",Massachusetts,128.30785554896485,No
"al-Kassem, Saleet",Hawaii,133.39316348467395,Yes
"al-Naderi, Himma",Connecticut,111.27513324173097,No
"Franklin, Monique",Georgia,130.82429330356507,No
"Lukas, Max",Kansas,120.829913499776,Yes
"Valles, Alfredo",Rhode Island,106.5105194259665,No
"Pennington, Janae",Ohio,108.02210957365843,Yes
"Atkins, Rosaline",Vermont,113.70558460629347,No
"Jesmain, Kayla",South Carolina,91.84317529084709,Yes
"Rodriguez, Michael",Texas,137.80862231120278,Yes
"Diaz, Ricardo",Alabama,114.56754714674729,Yes
"Lukas, Max",Kansas,68.37619833553583,Yes
"Johnson, Rahma",New Mexico,100.12232444844443,Yes
"Rinhart, Alysh",Ohio,101.79761609306496,No
"Rasmussen, Drew",Idaho,99.86180585956114,Yes
"Her, Justina",Kentucky,103.12568221045012,Yes
"Le, Hannah",North Dakota,110.11129036957429,Yes
"Hollins, Santeijha",Delaware,94.33794662425535,Yes
"al-Arif, Taaha",Mississippi,94.75131617915308,No
"Mcclain, Jordon",New Jersey,103.67986367875154,No
"Morquecho, Gabriel",Arizona,99.67660972557711,No
"al-Ayoob, Tahleela",Rhode Island,127.23834932054713,No
"Culhane, Brittney",Michigan,66.42462463882345,No
"Benson, Sean",Massachusetts,93.45654258137347,Yes
"Williams, Katherine",Colorado,110.49066801940401,No
"Hernandez Escalera, Rolando",Oregon,89.86159033089541,No
"Medina, Simone",Vermont,69.46180344703374,No
"Tann, Guled",Vermont,115.66194642704356,No
"Kim, Pao",Louisiana,87.68279683010282,No
"Rios-Lara, Perla",Wisconsin,110.69037407904761,Yes
"Thompson, Alizi",New Hampshire,125.33587267780744,Yes
"Kim, Davina",Alaska,103.08355114462042,Yes
"Lee, Abigail",Florida,118.4867592945314,Yes
"Gallegos, Carla Maria",Texas,83.58928054816384,Yes
"Molina Hermosillo, Angelita",Pennsylvania,116.67237751314906,No
"Hayes-Joshua, Donato",Oklahoma,88.66380470510511,Yes
"Brubaker, Mitchell",Mississippi,81.96865426989987,Yes
"Little, Kalyn",Michigan,93.23776139280248,Yes
"Rodick, Maria",Maryland,79.86784264918472,No
"Gurule, Mia",Massachusetts,99.71675431521727,Yes
"Hoffmann, Kosuke",South Dakota,87.63415918429118,No
"Wyatt, Patrick",Georgia,76.80863104781469,Yes
"Kong, Hallie",Iowa,123.32257184857315,No
"el-Saah, Tahaani",Minnesota,122.39825011431606,Yes
"Cortez Sangster, William",North Carolina,120.73539219968069,No
"al-Mady, Nabeela",Wisconsin,101.7595814292508,No
"Holder, Haileigh",Hawaii,80.58397816022315,No
"Yager, Chelsea",Ohio,117.20039586136527,Yes
"Niessink, Joshua",Florida,85.68708583280903,Yes
"Johnson, Rahma",New Mexico,67.77561195860216,Yes
"Kemp, Liam",South Carolina,99.59579262516053,Yes
"Mccants, Gregory",Pennsylvania,82.50308219745331,No
"el-Lone, Nuzha",Massachusetts,116.76402132663495,Yes
"Kipp, Colin",Nebraska,100.62829140451161,Yes
"Smith, Destinee",North Carolina,84.90137493398231,No
"Ngo, Tony",Connecticut,91.88605059513998,No
"Wunderlin, Joshua",Oregon,101.5800748954876,Yes
"el-Chahine, Nadiyya",Wyoming,72.58083635177253,Yes
"al-Abbasi, Maisoon",Georgia,74.70145953225531,Yes
"Maranto, Lisiate",Arizona,99.46163786245505,Yes
"Marstrand, Eric",Washington,102.94143342140094,Yes
"Molina, Erick",South Dakota,102.34900548366711,No
"Stevenson, Damien",New Mexico,109.21158484384794,No
"Schuckman, Chris",Kansas,102.80212986325216,No
"al-Adel, Jadeeda",Missouri,78.22841338778575,No
"Burckhardt, Taylor",Vermont,111.60049985420024,No
"Fichter, Dominick",Alaska,111.8999731744994,Yes
"Castillo, Desiree",Florida,93.45516243646848,No
"al-Minhas, Aqeel",Wyoming,136.5595763044474,No
"Ulibarri, Ingrid",Georgia,131.77503001416602,No
"Mccathen, Savannah",Michigan,120.93506932795202,No
"Hom, Monica",New Jersey,115.31014884172582,Yes
"Trammell, Steffano",West Virginia,77.96425439207755,Yes
"el-Quadri, Taamir",Vermont,73.22220040324608,No
"Moore, Emma",Arizona,113.64424299577998,Yes
"Culhane, Brittney",Michigan,66.42462463882345,No
"Awtrey, Summer",Missouri,113.70336495583103,No
"al-Abbasi, Maisoon",Georgia,96.00306581699276,No
"Gibson, Edwin",Iowa,103.79052072311595,Yes
"Piccone, Alyssa",West Virginia,65.79471353126357,No
"Culhane, Brittney",Michigan,72.02231370322342,No
"Castillo, Kosuke",New Hampshire,132.57511060466135,No
"el-Rassi, Ismaeel",New Mexico,126.70728784770981,Yes
"al-Shahidi, Abdur Raheem",Indiana,60.40356851122763,Yes
"Reed, Jessica",Tennessee,107.62199456106967,Yes
"Haro Tranquilino, Alecio",Ohio,82.4341224992608,Yes
"Johnson, Jaden",South Carolina,110.06611610086262,No
"Pham, Bob",North Carolina,94.52433921559978,Yes
"Johnson, Annie",Hawaii,90.21321242915658,Yes
"el-Mahfouz, Badraan",Arkansas,74.01479788490829,No
"Gerstner, Zachary",Rhode Island,111.16352720777152,Yes
"Abraham, Molly",Mississippi,94.74865099088404,Yes
"Davis, Tristan",Washington,99.70611779633208,No
"Matt, Ayzia",Virginia,104.89200346535239,No
"Ariunbold, Ailin",Maryland,103.8203273821685,No
"Stuart, Marisa",Alabama,96.11303738416264,No
"al-Azam,  Muzna",Ohio,124.43852757313567,Yes
"Edd, Amanda",Arizona,94.02396695843187,Yes
"Apodaca, Autriana",Wyoming,78.62326377652045,No
"Sanchez, Jesse",California,133.8046991887577,No
"Vandyke, Jelicha",Kansas,77.34662009851233,No
"Barry, Brian",Missouri,131.32477659036067,Yes
"Ulibarri, Ingrid",Georgia,95.72714924074845,Yes
"Ariunbold, Ailin",Maryland,80.89148325828452,No
"Fessler, Jenny",West Virginia,113.32652715442993,Yes
"Sweeney, Sreya",Georgia,101.15705973555517,No
"Velasquez, Ray",Ohio,95.45761896402982,Yes
"Kuhl, Jacob",Florida,75.29643376102041,Yes
"el-Alli, Tareef",West Virginia,120.72009759000142,No
"el-Abdella, Atheer",Nevada,90.62734574614024,Yes
"Choe, Yixin",North Dakota,108.24583859374685,Yes
"Wolf, Caleb",Vermont,74.17992914211034,No
"Cisneros, Zolboo",Kentucky,110.17971694737541,No
"Houdek, Emily",Tennessee,113.09251223388708,Yes
"Saye, Aron",North Carolina,97.36072407712099,No
"Krayca, Trey",New York,121.24788263171456,No
"al-Rizk, Faraj",Hawaii,118.15364532018856,No
"Mccants, Gregory",Pennsylvania,124.37560705451415,Yes
"Gallegos, Carla Maria",Texas,94.955467512325,Yes
"Evangelista, Christian",Nevada,64.14701154344101,No
"al-Atallah, Saamiqa",Wisconsin,113.01129188894778,Yes
"Pham, Donavahn",Arizona,116.82654702833804,No
"Cereceres, Shamika",Wisconsin,140.6288750508016,Yes
"Kipp, Colin",Nebraska,100.17978037371472,No
"al-Yusuf, Munsif",Nebraska,98.6309912640847,Yes
"al-Pirani, Rajab",Maryland,102.04537470725447,No
"Tatum, Redanos",Oklahoma,100.60809977541071,No
"al-Sarah, Haibaa",Texas,100.04152775508378,Yes
"Joyce, Jenna",Missouri,115.44035434258032,Yes
"Choi, Christian",Idaho,62.08832223348879,Yes
"Tran, Yuri",Kentucky,123.35381452563124,Yes
"Mosqueda, Jairo",Nevada,89.61529617043551,Yes
"Jeffery, Katlyn",Wisconsin,89.31986798954821,No
"Thomas, Alexander",Michigan,111.99173181587378,No
"el-Jabbour, Taariq",Oregon,87.96129973231348,No
"Birk, Noah",Delaware,76.61512509515318,No
"Huynh, Rachel",Wisconsin,95.94996805488861,Yes
"Gardner, Scott",New York,114.92523164438659,No
"Tatum, Redanos",Oklahoma,99.76343481018016,Yes
"Evig, Brooke",South Carolina,85.41124044332803,No
"Lewis, Justin",Rhode Island,97.44583904764885,No
"Kreski, Jacob",North Dakota,120.89149939253622,No
"Maranto, Lisiate",Arizona,60.460789833905906,Yes
"Culpepper, Robert",California,120.05237054384764,No
"Tsumura, Lilia",Texas,82.4515247406444,No
"Knowlton, Amanda",Rhode Island,57.41563975753756,No
"Cordova, Monica",New Hampshire,110.20824723418917,No
"Childs, Julia",Kansas,85.82268437840298,Yes
"Holmes, Aimee",Louisiana,104.81990831650009,No
"Sawyer, Noah",Maine,82.36075682211623,Yes
"Mcminimee, Nicholas",Vermont,118.16308930106597,No
"Meneses, Erdenebadruun",New Hampshire,108.77998538562443,Yes
"Birk, Noah",Delaware,102.96056021860761,No
"Delgado, Yvette",North Dakota,68.92228261941283,No
"Reta Diaz, Leonardo",Washington,116.95403783612174,No
"Reese, Dante",Texas,120.64820820553865,No
"al-Salameh, Amal",Delaware,100.60453363475642,No
"Sands, Arlene",Wisconsin,92.33365894925623,Yes
"Byrnes, Shawna",Minnesota,98.13972919894286,Yes
"Vandyke, Jelicha",Kansas,95.55749058756184,Yes
"Medina, Simone",Vermont,52.32866623703259,No
"Vigil, Thomas",Pennsylvania,84.98017165217492,No
"Lloyd, Devon",Louisiana,89.74441489428183,Yes
"al-Hussein, Qamraaa",New Hampshire,50.65646717392916,No
"Mccoy, Tonai",North Dakota,91.5512705045543,Yes
"Childs, Julia",Kansas,91.58906202885011,No
"Hutchings, Mackenzie",Michigan,91.57846933648179,No
"Colaroso, Emily",Virginia,89.19388378559785,No
"Kern, Colt",Iowa,99.25187031127523,No
"Rice, Alyssa",South Carolina,97.2051014956167,No
"Lawton, Malakye",Massachusetts,118.64199373687609,No
"Tesfa, Toni",West Virginia,92.81540082196071,Yes
"Tran, Zachary",California,111.30256639176218,Yes
"Cottonwood, Kyle",Tennessee,114.31254728891055,Yes
"Zavala, Juan",North Carolina,106.24551277638277,No
"Aebischer, Aylissa",Illinois,113.95039146370762,No
"Huynh, Darius",Utah,119.3605043689957,Yes
"Alvarez, Daniel",Oregon,119.23959952797618,Yes
"Lucero, Catherine",Tennessee,102.38365283781226,No
"Brown, Alvina",Utah,97.62445350307662,Yes
"Mccathen, Savannah",Michigan,111.30186147588608,No
"Morton, Taylor",Wyoming,67.97291128255684,Yes
"el-Mahfouz, Badraan",Arkansas,63.45401572879178,No
"Jackson, Richard",Ohio,80.9059551695236,Yes
"Mccullough, Eric",Arkansas,131.05846433993423,No
"Choe, Yixin",North Dakota,115.10504953783816,No
"Espino, Kyle",South Dakota,122.09385345224479,No
"Sandoval-Martinez, Mariah",Florida,103.6263968907102,No
"Ashcroft-Bitsilly, John",Tennessee,89.35288189446712,No
"Simpson, Demetrious",Iowa,97.27579598917303,Yes
"Choi, Amninder",Arkansas,92.42475344675238,No
"Cleveland, Jonathan",Vermont,111.04994653073813,Yes
"al-Arshad, Jumaima",South Carolina,135.20927318309379,No
"Bresciani, Patrick",California,81.14791169688198,Yes
"Takata, Cheyenne",Ohio,111.62178932109498,Yes
"Robinson, Robert",Montana,104.76776076555261,No
"Messenger-Bouricius, Anne",Texas,76.90413513534804,No
"Panyavong, Molly",Colorado,68.73555289122993,Yes
"Reid, Nickolas",Missouri,107.3352465807403,No
"Cobb, Tierra",Connecticut,124.95632486098091,Yes
"al-Wahba, Naaila",Nebraska,95.56182393720007,No
"Jasper, Stephanie",Vermont,125.61819862191312,Yes
"al-Rashid, Umaira",Missouri,82.5102459259931,Yes
"Wing, Dwight",South Carolina,91.34632163939811,No
"el-Ghazi, Maahir",West Virginia,114.43808165631296,No
"Nwizu, Shelby",New York,91.97063444449789,No
"Avila, Brian",Maryland,126.13070376551642,No
"Niessink, Joshua",Florida,82.69664242333516,Yes
"Green, Austin",Idaho,93.18892432684396,No
"Herrera, Daniel",Idaho,89.03533735795193,No
"Hase, Josiah",South Carolina,115.45615003529775,Yes
"Lohner, Zoe",Maine,78.5710693045857,Yes
"Senphannarat, Jesika",California,98.66779845914225,No
"Romero, Tenai",Indiana,128.89093049556155,No
"Rhee, Da Ham",North Dakota,126.80406392120351,Yes
"Mcgough, Kayli",Tennessee,91.17608168628556,No
"Wahl, Mckendra",West Virginia,116.07665037963349,Yes
"al-Sarah, Haibaa",Texas,102.87040449926305,No
"Beyale, Benjamin",Idaho,90.59303695435031,No
"al-Yusuf, Munsif",Nebraska,92.68366128506567,Yes
"Tomlinson, Joshua",New York,133.62762632252253,No
"Craft, Parys",Nevada,103.44844091388694,Yes
"Mello, Andrea",Vermont,116.56332654216399,No
"Horn, Corbin",Nevada,147.25094492624052,Yes
"Howard, Shiirah",Massachusetts,107.91817979969247,No
"Farley, Kyle",New Jersey,103.06312985379773,No
"Ariunbold, Ailin",Maryland,121.9790159541635,Yes
"Kwon, Terry",Vermont,49.83269281283073,No
"Leslie, Skyler",Arizona,124.99920262815863,No
"Hutchings, Mackenzie",Michigan,126.68942893953093,Yes
"Matin, Sidharth",Ohio,82.26431504135971,Yes
"Dewhere, Mahder",Maryland,91.45402600230274,No
"Ontiveros, Emanuel",West Virginia,80.00038482946798,No
"al-Basha, Kameela",Mississippi,70.19942438454774,No
"Rinhart, Alysh",Ohio,94.75896834839656,No
"Colville, Mason",Maryland,61.8737764928354,Yes
"Evangelista, Christian",Nevada,107.22827404302157,No
"Parks, Khaleo",Florida,99.75903726557226,No
"Cisneros, Zolboo",Kentucky,102.0695676504876,No
"el-Shahin, Naadir",Alabama,112.77652722420805,Yes
"Trenchard, Noel",Washington,64.46769120575088,Yes
"Mccants, Gregory",Pennsylvania,127.43373171379481,No
"Seiler, Marcus",Virginia,77.86064263989296,No
"Robinson III, Bradley",Ohio,53.38022561778698,No
"Watkins, Rachel",Massachusetts,97.37679646000282,No
"el-Zaman, Maariya",Louisiana,100.32873699659999,Yes
"al-Pirani, Rajab",Maryland,127.86108365252302,No
"Krayca, Trey",New York,91.02639581970818,Yes
"Navakuku, Ryan",Utah,53.51384135663176,No
"Seiler, Marcus",Virginia,125.62602922961253,No
"Moore, Jeffrey",Oregon,93.03195009055268,Yes
"Rose, Macon",Texas,112.99994319351273,Yes
"Carstensen, Trent",Wisconsin,96.90756134945501,Yes
"Abraham, Molly",Mississippi,118.92696862727172,Yes
"al-Saah, Haaritha",Pennsylvania,89.06478778646715,Yes
"al-Saba, Annnees",Arkansas,124.20775055809918,No
"Childs, Julia",Kansas,93.67635324986887,No
"Lenon, Tammy",Kentucky,135.5848146662542,No
"Black, Austin",North Carolina,90.35954244297278,No
"el-Chahine, Nadiyya",Wyoming,104.17195237431498,Yes
"Tran, Zachary",California,105.30806949161068,No
"Palomar, Angel",Missouri,107.12866865665885,No
"Zubia, Savannah",Oklahoma,106.8486624490655,Yes
"al-Momin, Husniyya",Massachusetts,96.0102413041761,No
"Jordan, Maya",Maryland,98.79601085972025,Yes
"Gyorkos, Isiah",Ohio,132.14122318791436,No
"Johnson, Rahma",New Mexico,63.4707209154105,Yes
"Scott, Craig",Indiana,83.91639841386704,No
"Jaquez, Daniel",Nevada,102.3719862015831,No
"Slaugh, Diana",Vermont,92.1713214815823,No
"Johnson, Robert",Massachusetts,125.0688663750702,Yes
"Wu, Kevin",Missouri,98.90292728193351,Yes
"el-Zamani, Saabiqa",Vermont,101.86235565638712,Yes
"Hunsaker, Clark",Maryland,79.14589902352229,No
"Mckinney, Rachelle",Maryland,60.494241664025225,No
"Boden, Stephanie",Vermont,135.99155010975124,No
"James, Eric",Hawaii,99.81941796702067,Yes
"Etheridge, Wyatt",Arizona,132.1317252366015,Yes
"Jones Jr, Edward",Pennsylvania,134.41297791146883,Yes
"al-Sami, Rabdaa",Tennessee,106.00975102481128,Yes
"al-Arif, Saabira",Missouri,127.35334215183474,Yes
"Williams, Katherine",Colorado,117.72214951481831,Yes
"el-Hamady, Rafeeda",Hawaii,102.89972481986416,No
"al-Baluch, Sakeen",New Mexico,96.57862520608504,No
"al-Wahba, Naaila",Nebraska,116.75752526487523,No
"Swenson, Kaley",Maine,93.92605161462929,No
"Tatum, Redanos",Oklahoma,103.08136219564174,No
"Halliburton, Jeffrey",Alaska,109.6413037356004,Yes
"al-Ramadan, Afeef",Kentucky,100.87202420299388,No
"Barry, Brian",Missouri,111.93188476925295,Yes
"al-Moustafa, Aadam",Nevada,105.43838294954115,Yes
"Lopez, Loreal",South Dakota,106.74782256313334,No
"Takata, Cheyenne",Ohio,92.78698563452713,Yes
"Ram, Annick",Oregon,62.931680888065465,Yes
"Jackson, Richard",Ohio,89.99447405203573,Yes
"Yanez, Isaiah",California,68.34147344500174,Yes
"Kipp, Colin",Nebraska,75.1503715372738,Yes
"Sanabria, Almaalicia",Tennessee,101.75813426389863,Yes
"Bennett Tapuy, Danielle",Hawaii,79.48927730818224,Yes
"Le, Katherine",Colorado,101.76161455290593,No
"al-Mian, Khaira",Alaska,83.78650706511799,Yes
"Cruze, Donovan",Alabama,106.21213260664278,No
"al-Sami, Rabdaa",Tennessee,107.8138362732135,No
"Risenhoover, Talia",Tennessee,78.54911739878857,Yes
"Velasquez, Ray",Ohio,117.15600158983099,Yes
"Wolf, Joseph",Iowa,77.273830785357,No
"Kim, Zhiwen",Nebraska,113.62759216609724,No
"Scaglione, Taylor",North Dakota,82.05463500068737,Yes
"Tomlinson, Joshua",New York,97.53221687507829,Yes
"Dyer, Isaac",Wyoming,109.6008371884342,Yes
"Florez, Autumn",Ohio,101.4335411728342,No
"el-Hamady, Rafeeda",Hawaii,104.05063736519804,Yes
"Bhat, Jeffrey",New York,122.33333875812843,No
"Rose, Hannah",New Hampshire,105.34474899616635,Yes
"Sanders, Quincy",Nevada,89.06252008610673,No
"Huliganga, Neil",Maine,99.56828557684032,Yes
"Martinez, Daneka",North Carolina,126.32394613920363,No
"Crisel, Brittiney",Kentucky,130.3891098728947,No
"Hoffmann, Kosuke",South Dakota,65.13002657161029,Yes
"al-Khatib, Saeed",North Carolina,92.68740035000388,No
"Domingo Jr, Andy",Wyoming,98.39478201152498,No
"Romero, David",Pennsylvania,124.06591668657526,Yes
"Velasquez, Jolene",Nebraska,107.8732436248317,No
"Vasquez, Josie",Indiana,77.31208551322935,Yes
"el-Zamani, Saabiqa",Vermont,103.19738231689226,No
"Mello, Andrea",Vermont,104.68311701769291,No
"Lappens, Amber",New Mexico,88.84215741059653,No
"Miranda, Dennis",California,80.8966778109095,Yes
"Dunn, Jared",Arkansas,91.90695898214182,Yes
"Le, Hannah",North Dakota,122.22401112594848,Yes
"Julian, Yancey",Idaho,98.17181409629016,Yes
"el-Meer, Badruddeen",Georgia,67.0449332342457,No
"Love, Jawan",Minnesota,101.8848275982718,No
"Stewart, Elizabeth",Wisconsin,77.80407516008447,Yes
"Johnson, Jagger",Missouri,90.57416319680362,Yes
"Campilan, Isabelle",Nebraska,81.28018631621593,Yes
"al-Moradi, Zaaida",New Mexico,102.50250906255036,Yes
"el-Akram, Kawkab",Nevada,152.21972057744046,No
"el-Sawaya, Hishma",Minnesota,91.77553581677297,No
"Hom, Monica",New Jersey,85.75287683455228,No
"Robinson, Robert",Montana,103.87070605203125,No
"Ramos, Julisa",Nebraska,116.89326353919492,Yes
"al-Ahsan, Mawzoona",West Virginia,106.14929977896568,No
"Henry, Timothy",Illinois,97.43237665948453,No
"Wing, Dwight",South Carolina,133.05174093987137,Yes
"Kwon, Terry",Vermont,125.06539745360152,No
"Salazar, Fzelle",South Dakota,138.59303873169526,No
"Trujillo, Kyle",Pennsylvania,113.47623774726546,Yes
"Culpepper, Robert",California,118.31450818016486,Yes
"Cano Jaimes, Hunter",Alabama,73.44752409744682,Yes
"Simpson, Demetrious",Iowa,103.95103363980006,Yes
"Marty, Michael",Missouri,121.1158884529582,No
"Rogers, Amanda",West Virginia,105.711060755117,No
"Maez, Madisen",New York,117.78933556109962,Yes
"Navakuku, Ryan",Utah,79.06202180921898,Yes
"Tovar-Guzman, Drew",Wisconsin,79.08629222096027,No
"Soto, Vanessa",Maine,51.87987415402934,No
"el-Younis, Musfira",New Mexico,82.06944244090096,No
"Serravo, Briana",Oregon,99.51165592545453,No
"Kavanagh, Alexander",North Dakota,121.41211501008064,No
"el-Chahine, Nadiyya",Wyoming,118.3145415231739,No
"Florez, Autumn",Ohio,101.84708251951818,Yes
"Arzate, Erica",Minnesota,86.94366343631367,No
"Dorsey, Sierra",Georgia,67.82601245530032,Yes
"el-Rasul, Ameer",Illinois,85.68191589472458,No
"Meredith-Wilson, Alexandra",Washington,94.52830454597034,No
"al-Younes, Zuhra",South Carolina,77.23526904165868,Yes
"Roy, Tylor",Georgia,80.7533136196567,Yes
"Vasquez, Josie",Indiana,89.96991037198191,No
"Jarmond, Sylavis",Tennessee,118.57878540752796,No
"Kemp, Liam",South Carolina,132.64208848996947,Yes
"el-Sharif, Sahla",Idaho,99.62028613432915,No
"Jain, Emma",New York,84.0908122949118,No
"Martzloff, Lolita",Indiana,68.51600362719942,Yes
"Lazo, Alex",Alabama,89.20705633159035,No
"Rios-Lara, Perla",Wisconsin,137.81721262939232,No
"Liggett, Zaquin",Missouri,98.71691318691526,Yes
"Redd, Mierren",North Dakota,119.20492936814851,Yes
"Medina, Jorge",Florida,71.45265352796798,No
"Onexayvieng, Kathy",Kentucky,85.54564194396426,No
"Rocha, Isamar",Michigan,113.36770989201167,Yes
"Crowe, Anthony",Nebraska,60.26539766470861,Yes
"Bell, Rachel",Ohio,122.97073307770923,Yes
"el-Zaki, Taamira",Indiana,89.1052653232832,No
"Martinez, Daneka",North Carolina,79.59714400736533,Yes
"el-Yassin, Sameera",Indiana,74.2191208722481,Yes
"Johnson, Annie",Hawaii,115.38616760600394,No
"Haro Tranquilino, Alecio",Ohio,94.26140535008096,Yes
"Ganora, Desirae",South Dakota,124.96371181796525,No
"Adams, Annalise",Delaware,95.27927555145165,No
"el-Zaki, Taamira",Indiana,76.36728717919881,Yes
"el-Khan, Mahuroos",Arizona,123.57541557507633,Yes
"Vasquez, Josie",Indiana,91.66119608699917,Yes
"Purvis, Nicole",New Hampshire,123.6245475490494,No
"al-Amer, Hamaama",Alabama,132.14915404325788,Yes
"Shakespeare, Antonio",Florida,96.85599563516554,Yes
"Chanthavongsa, Vignesh",Rhode Island,75.49600561534884,No
"Chhay, Julia",Hawaii,102.11867508255526,No
"Horant, Hannah",Oregon,152.9170972448884,Yes
"Velasquez, Ray",Ohio,100.82370777231844,No
"el-Jan, Muneeb",Arizona,102.70080646344404,No
"Chin, Shyanne",Washington,94.37852821521238,Yes
"el-Edris, Saleema",Kansas,120.77696295421477,Yes
"Prinster, Amy",South Carolina,109.60306995192391,Yes
"Thapa, Amanda",Texas,100.88906876551779,No
"Dominguez-Antillon, Paloma",South Dakota,92.1137486609731,Yes
"el-Taha, Humaid",Delaware,118.1514365854699,Yes
"Lofton, Skylar",Texas,89.39095931577147,No
"Ayuby, Parinaz",Louisiana,102.57086970888528,Yes
"Molina, Mario",South Carolina,120.82237819727052,Yes
"el-Raad, Mawdood",Delaware,81.55133143486135,Yes
"Kwon, Terry",Vermont,105.22021168268941,No
"Hutchings, Mackenzie",Michigan,138.53422275317803,No
"Waters, Riley",Ohio,100.0107549926446,Yes
"Smith, Sainyane",Nevada,104.60104153152032,Yes
"Scaglione, Taylor",North Dakota,118.20137492437131,No
"al-Younes, Zuhra",South Carolina,107.87799029702575,No
"Santacruz Anguiano, Brianna",Tennessee,74.54084619484853,No
"Holder, Jason",Wisconsin,79.96883311041483,Yes
"Messenger-Bouricius, Anne",Texas,111.69726252062782,Yes
"Mariman, Joshua",Utah,115.30081162582962,Yes
"Campilan, Isabelle",Nebraska,115.50286156021973,No
"Masdin, Tommy",Washington,100.51579468880118,Yes
"Yepez, Jason",Wyoming,119.00256691654336,No
"Clark, Dakari",Arizona,102.22136188755678,No
"Ramirez, Ramon",Vermont,86.33585854480519,No
"Wahl, Mckendra",West Virginia,118.92177175677296,No
"Choe, Yixin",North Dakota,115.10504953783816,No
"Ramirez-Quevado, Sequiyia",New Mexico,93.68496812802358,No
"Kong, Hallie",Iowa,104.64220228689142,Yes
"Horn, Corbin",Nevada,75.06991344026113,No
"Schultz, Phillip",Missouri,97.48805451674892,Yes
"el-Zaman, Rumaana",Arkansas,112.72477707822374,Yes
"Lazo, Alex",Alabama,62.36740885392657,No
"Clark, Dakari",Arizona,106.9332415624463,Yes
"Nguyen, Tin Wan",Alaska,113.42524656670106,No
"Douglas, Qin Qin",Alaska,92.19642178462479,Yes
"el-Abdallah, Siddeeqa",Wyoming,74.55436904422692,Yes
"Torres, Laura",Kansas,100.27073409574702,No
"Lovisone, Lauren",New Mexico,110.37995415849416,Yes
"Chang, Jonathan",Mississippi,102.78730770375294,No
"Seagle, Chelsie",Tennessee,103.44861209006436,Yes
"al-Hossain, Haakima",Kentucky,54.50870017395479,Yes
"Johnson, Robert",Massachusetts,104.61171489291817,No
"Bell, Rachel",Ohio,118.52284446198277,No
"Lu, Mark",Arizona,86.2194722533903,No
"Stein, Sarah",Idaho,121.24107417993397,No
"Reed, Jessica",Tennessee,116.82136379617003,No
"Yager, Chelsea",Ohio,78.02365683276543,No
"el-Abu, Bassaam",Michigan,117.15545069224464,Yes
"Salazar, Fzelle",South Dakota,100.19686240178369,Yes
"Piccone, Alyssa",West Virginia,86.3783606888671,No
"al-Yusuf, Munsif",Nebraska,62.70690821639264,Yes
"Bernal, Erik",New Hampshire,105.83470909217924,Yes
"Ramirez, Noah",Wisconsin,77.99889599815253,No
"Romero, Tenai",Indiana,102.84910506019067,Yes
"Meredith-Wilson, Alexandra",Washington,108.67804622775505,No
"Fernandez, Marcello",Alabama,105.25345087013316,No
"Currin, Tazah",Georgia,115.30104298734818,No
"Li, Miranda",Michigan,111.78816632917886,Yes
"Roehrich, Patrick",Connecticut,85.1925256172545,No
"Huynh, Darius",Utah,104.02253824503697,No
"Weaver, Sarah",Nevada,104.96144126032019,Yes
"Evig, Brooke",South Carolina,72.81095351316154,No
"Huger, Jayme",South Dakota,101.98484026242431,Yes
"Perez, Jasmine",Hawaii,71.81656196542586,No
"Casillas, Victor",Oklahoma,103.47806948715964,Yes
"Curry, Kourtney",Delaware,81.81899738436069,No
"Herrera, Daniel",Idaho,95.88723579600757,Yes
"el-Rasheed, Mazeeda",Nevada,108.8898990127108,Yes
"Lew, Rebeka",Oklahoma,99.15838113284649,Yes
"Haley, Morgun",Illinois,113.02652191862158,No
"Padilla, Joseph",Nebraska,66.19563223293963,Yes
"Hunsaker, Clark",Maryland,139.50919619438818,Yes
"Garcia, Mario",Iowa,87.41713745722006,Yes
"Sabin, Crystal",Ohio,123.33080702914155,Yes
"Hackwell, Zhiwen",Utah,77.98637327214612,Yes
"Romero, Rosemary",Virginia,110.08174173750945,No
"Takata, Cheyenne",Ohio,59.070617264790485,No
"Jasper, Stephanie",Vermont,68.09978548434653,No
"Maes, Daniel",Oklahoma,70.44538374952069,No
"Swenson, Kaley",Maine,92.64453441361842,Yes
"Yager, Chelsea",Ohio,114.42473279369285,Yes
"al-Salameh, Amal",Delaware,119.4803248251437,No
"el-Sawaya, Hishma",Minnesota,70.44712025623303,No
"Mckinney, Rachelle",Maryland,101.34985601331707,Yes
"Haro Tranquilino, Alecio",Ohio,98.38828206510911,No
"James, Eric",Hawaii,88.538503988949,No
"Lenon, Tammy",Kentucky,67.89566267927685,No
"Archuleta, Anthony",South Carolina,82.37688735050591,Yes
"Bresciani, Patrick",California,82.04634326944327,Yes
"Ramirez, Ramon",Vermont,74.82060101212876,Yes
"Brubaker, Mitchell",Mississippi,117.38891715117717,Yes
"White, Juan",New Jersey,99.81587224152294,No
"Pham, Bob",North Carolina,75.17638397604338,No
"al-Pirani, Rajab",Maryland,83.79208224486636,No
"Singer, Olivia",Vermont,116.77761138337351,Yes
"Le, Hannah",North Dakota,91.49885291546626,Yes
"Rasmussen, Drew",Idaho,51.19042662513273,Yes
"Luna, John",Texas,107.52124255442621,No
"Lofton, Skylar",Texas,102.57513993407758,Yes
"el-Mahfouz, Badraan",Arkansas,89.59291584882988,Yes
"Hunt, Sarah",Delaware,97.36956610080487,Yes
"al-Yusuf, Munsif",Nebraska,93.2521787165725,Yes
"Robinson, Cheyla",Illinois,114.99735860436975,Yes
"Hernandez Marquez, Antonio",Florida,92.91568693710636,Yes
"Higginbotham, Shena",Pennsylvania,109.1707384739216,No
"Dickson, Ezra",Utah,85.63000645765885,Yes
"el-Chahine, Nadiyya",Wyoming,112.90093110064971,Yes
"el-Saah, Tahaani",Minnesota,112.77298666507004,No
"Kulkarni, Kelly",North Carolina,95.55917527449803,No
"Aqeel, George",Kentucky,105.3973018531446,No
"Salazar, Samantha",Alabama,74.38623893266764,Yes
"Evans, Matthew",Oregon,93.97100498740883,Yes
"Ra, Abhinav",Nebraska,145.2196169131339,Yes
"al-Kalil, Suhaila",Oklahoma,105.6673401721054,No
"Richardson, Chakara",Indiana,110.44796126515466,Yes
"Betts, Samantha",Minnesota,59.70813469442991,Yes
"Kerry, Robert",North Carolina,108.56548736931303,No
"Smith, Stephanie",Kentucky,111.24713322948033,No
"Sandoval-Martinez, Mariah",Florida,101.26097921224455,Yes
"Scaglione, Taylor",North Dakota,96.47684622621192,No
"Davis, Tristan",Washington,107.29356723193277,Yes
"Bennett Tapuy, Danielle",Hawaii,90.04536678572055,No
"Lee, Abigail",Florida,115.71210021153777,Yes
"Whitworth, Vanessa",New Mexico,117.73954456852908,Yes
"al-Basha, Kameela",Mississippi,93.69409767102852,No
"Serravo, Briana",Oregon,125.65385486950275,Yes
"Herrera, David",Nebraska,123.16530130622598,No
"Krickbaum, Jeffrey",South Dakota,81.2373304722914,No
"Tran, Zachary",California,74.3630216985141,No
"Sayyid, Sankeerth",Arkansas,83.36325992764577,Yes
"Mccathen, Savannah",Michigan,88.05777580492366,No
"Abraham, Molly",Mississippi,131.17636031236356,No
"Mccathen, Savannah",Michigan,90.31087038844088,Yes
"Delgado-Beltran, Luz",South Carolina,80.05795213256401,No
"Jesmain, Kayla",South Carolina,67.68000103212486,Yes
"Thapa, Amanda",Texas,102.662614908059,Yes
"Currin, Tazah",Georgia,120.28313413560593,No
"Apodaca, Kassandra",Maryland,51.48908397734863,No
"Rhee, Da Ham",North Dakota,85.65718088640119,Yes
"Bunting, Shyanne",Oregon,89.08938800979368,Yes
"el-Amara, Mujaahida",Idaho,116.66147222764246,No
"Baltazar, Walter",Colorado,76.65978219619846,Yes
"Kipp, Colin",Nebraska,77.42830921247244,Yes
"Garcia, Angelic",Washington,115.50332391087863,No
"Evans, Matthew",Oregon,129.61837023601774,No
"Wolf, Caleb",Vermont,121.13416213490132,No
"Lansing, Cambria",South Carolina,119.15852954009094,Yes
"O'Connor, Dylan",Connecticut,107.7591825996373,Yes
"Hutchings, Mackenzie",Michigan,102.46122250810096,Yes
"Choi, Amninder",Arkansas,83.16017266678115,No
"Chouaf, Aleyha",Florida,70.84604562783659,No
"Davis, Tristan",Washington,100.28392539420749,No
"Jones Jr, Edward",Pennsylvania,109.62980906432334,No
"Martinez, Leah",Maine,126.76595517414839,Yes
"Lee, Sandra",Iowa,123.30946744434151,Yes
"Aochi, Nicole",Connecticut,111.83677297119735,Yes
"Castillo, Kosuke",New Hampshire,91.78824912755493,No
"al-Abdulla, Ghazaala",Oklahoma,71.56733563603277,No
"Beltran, Vladimir",Delaware,102.18509659342112,Yes
"Leslie, Skyler",Arizona,96.7306250009976,No
"al-Naderi, Himma",Connecticut,91.08985448458986,Yes
"al-Rashid, Umaira",Missouri,77.78027487768661,Yes
"el-Hamid, Jumaana",New York,126.05924786333607,No
"Deering, Gabriel",Rhode Island,139.9574059559404,No
"Gonzalez, Cynthia",New York,102.41863815148113,Yes
"el-Sharif, Sahla",Idaho,97.03631457412443,Yes
"Barron, Mayra",Florida,97.12565198355318,Yes
"Hutchings, Mackenzie",Michigan,114.07600462218775,No
"el-Beshara, Taamir",Hawaii,99.24343757691702,No
"Gienger, Andrew",West Virginia,106.42882031855612,Yes
"al-Abdulla, Ghazaala",Oklahoma,95.51327140260281,No
"Slee Ackerson, Tyrel",Michigan,118.03881163397278,Yes
"Maclellan, Tyler",Iowa,113.5692843666693,Yes
"Meharzi, Li-Mae",Louisiana,76.63256137602038,Yes
"Wong, Chul",Washington,116.7871808454026,No
"al-Ramadan, Afeef",Kentucky,134.73692605985363,Yes
"Morton, Taylor",Wyoming,90.88602652065248,No
"Gibson, Edwin",Iowa,118.66536104677617,Yes
"Seagle, Chelsie",Tennessee,153.65098655299184,No
"Chambers, Delshawn",North Dakota,78.46058738184362,Yes
"el-Hussein, Misbaah",Ohio,67.4589686068019,No
"Johnson, Kenniese",Maryland,117.70961234922159,No
"Jefferson, Shaterica",Connecticut,70.00206203673928,No
"Padilla, Joseph",Nebraska,82.44891020570861,Yes
"Schafer, Andrea",Maryland,89.26300018709287,No
"Yu, Nicholas",West Virginia,99.56959186804875,Yes
"Wedemeyer, Andrew",Oklahoma,68.67414982836769,Yes
"el-Rehman,  Sakeena",Maine,84.47620351018388,No
"Mcminimee, Nicholas",Vermont,113.09606271277528,No
"Cadorette, Taylor",New York,92.00330378284869,No
"Tesfa, Toni",West Virginia,106.216678712456,No
"Saunders, Hailey",New Hampshire,96.43515616638823,Yes
"al-Hussain, Nuzha",North Carolina,79.58222030837294,Yes
"Winkler, Christopher",South Dakota,132.75336874269152,No
"James, Kree",Kentucky,79.1183700604369,Yes
"Sweeney, Sreya",Georgia,104.44531143855083,Yes
"Baca, Taylor",Idaho,100.70515690602983,Yes
"Charles, Tatjana",Indiana,115.53905226685625,No
"Song, John",California,82.5702955090232,Yes
"al-Baluch, Sakeen",New Mexico,82.67338986393086,No
"Gill, Daniel",Missouri,72.46718415929229,Yes
"al-Farman, Shaahira",Nebraska,89.31574717548648,No
"Oden-Bowen, Courtney",Utah,110.98771805505301,Yes
"Cooey, Vannessa",West Virginia,130.39836576119063,Yes
"Tesfa, Toni",West Virginia,121.7331771215687,Yes
"Martinez, Victoria",Kansas,75.9611736388444,Yes
"Lawson, Morgan",Wyoming,86.07106167599092,Yes
"al-Farhat, Nawaal",Hawaii,83.1594873983372,Yes
"Haley, Morgun",Illinois,113.02652191862158,No
"al-Zia, Inaaya",Georgia,110.94735304898295,No
"Valles, Alfredo",Rhode Island,90.50439666564078,No
"Parker, Tanaree",North Dakota,79.88099110807647,Yes
"Farley, Kyle",New Jersey,98.50402326188943,Yes
"Heinz, Hannah",Colorado,100.19222756985494,Yes
"Byrnes, Shawna",Minnesota,122.49301249660309,Yes
"Morton, Taylor",Wyoming,117.45642279659215,Yes
"Harrier, Lakota",Texas,103.88213330058713,No
"el-Jabbour, Taariq",Oregon,115.65616388782483,No
"al-Basha, Kameela",Mississippi,118.15343253286699,Yes
"Gardner, Scott",New York,87.96513273535568,No
"Alvarez, Daniel",Oregon,103.435767540982,No
"Campbell, Anay",Michigan,91.28361989119978,Yes
"Cruz, Karla",Oregon,110.04160910704664,No
"Miranda, Dennis",California,101.69725037794919,Yes
"Smith, Stephanie",Kentucky,115.96730208330676,Yes
"Avila, Natasha",Washington,92.94229076627715,No
"Baca, Jeffrey",Nebraska,114.14878447869079,Yes
"Johnson, Kenniese",Maryland,106.20268094443912,Yes
"al-Abdulla, Ghazaala",Oklahoma,107.9783684697263,Yes
"Black, Austin",North Carolina,90.35954244297278,No
"el-Ghanem, Manaal",Ohio,61.98940215164764,No
"Hase, Josiah",South Carolina,122.94992444278313,Yes
"al-Momin, Husniyya",Massachusetts,96.0102413041761,No
"al-Momin, Husniyya",Massachusetts,83.9747634496824,Yes
"Weaver, Sarah",Nevada,106.72628999458756,Yes
"Williams, Brionna",Oklahoma,119.171367007952,Yes
"Martinez, Leah",Maine,113.8551703967891,Yes
"Barron, Mayra",Florida,147.59623196399525,Yes
"Madrigal, Joshua",Washington,119.279919224441,No
"Maclellan, Tyler",Iowa,76.27430234865791,No
"el-Salama, Naseer",Wisconsin,115.67259399111393,No
"Jenkins, Britani",Pennsylvania,80.5347917761093,No
"al-Hussain, Uqbah",Vermont,84.06071778662066,No
"Childs, Julia",Kansas,122.55070448552667,No
"el-Muhammed, Rihaab",Vermont,109.40183667453773,Yes
"Jefferson, Shaterica",Connecticut,124.99859305080096,No
"Solomon, Marcus",Wisconsin,110.58859587104826,Yes
"Kipp, Colin",Nebraska,71.83410178515561,Yes
"Baltazar, Walter",Colorado,112.99765291825076,No
"Molina Hermosillo, Angelita",Pennsylvania,71.1864089008558,Yes
"Freeman, Thaine",Oregon,97.45778890992084,No
"el-Saah, Tahaani",Minnesota,96.24852431199223,No
"Aqeel, George",Kentucky,77.32896432758722,Yes
"el-Minhas, Sanad",Pennsylvania,83.59530412506521,Yes
"el-Hanif, Qamraaa",Minnesota,70.86710639284033,No
"Gonzales, Delray",New Jersey,128.31522618129264,Yes
"Anderson, Lydia",Oklahoma,112.9336933064689,No
"Castaneda, Dakota",Alaska,94.11134304331975,Yes
"Sarmiento, Cristen",Wisconsin,104.92447421134753,Yes
"al-Wahba, Naaila",Nebraska,84.13825293686408,No
"Reyes, William",Colorado,117.89927818806477,No
"Lazo, Alex",Alabama,98.75119519982341,Yes
"Ramos, Beryl",Arizona,89.65537941090335,Yes
"Gonzales, Delray",New Jersey,114.83203400225312,No
"al-Sarah, Haibaa",Texas,100.76453162877715,Yes
"Boyd, Yvette",South Dakota,110.71718899499648,No
"Ashmore, Amanda",Rhode Island,103.42570182265965,Yes
"Maclellan, Tyler",Iowa,66.01306357626746,No
"Maestas, Gabriel",South Dakota,100.96113136053962,Yes
"Kascak, Mai",Kentucky,137.71769568222393,Yes
"al-Abdullah, Abdul Lateef",Alaska,98.48681835545396,No
"Henry, Timothy",Illinois,87.80004156603044,No
"Molina Hermosillo, Angelita",Pennsylvania,100.98505998394833,Yes
"Lee, Daniel",Georgia,100.19598855437539,Yes
"Adams, Caylene",Washington,123.05335144440072,No
"Guardipee, Schiara",Colorado,99.62558285857878,Yes
"Anyanwu, Chante",Florida,99.72253073827463,No
"el-Abdallah, Siddeeqa",Wyoming,91.33348564891018,No
"Xiong, Se Ra",Washington,86.53806941323928,Yes
"al-Mady, Nabeela",Wisconsin,81.36326924784368,Yes
"el-Hamid, Jumaana",New York,84.23474485910008,Yes
"Swenson, Kaley",Maine,120.44213975160133,No
"Masdin, Tommy",Washington,94.15937870374047,Yes
"Bunting, John",Hawaii,111.95535100423264,No
"Long, Yee",Florida,85.40447694146641,No
"el-Kamara,  Mahdi",Tennessee,103.1379001250833,Yes
"Romero, Tenai",Indiana,104.19930144839948,Yes
"Robinson, Jaleel",Georgia,112.1746525482156,No
"Kleinkopf, Gurnam",Wyoming,113.00120897460579,Yes
"Lopez, Loreal",South Dakota,103.09758692363538,No
"Johnson, Kenniese",Maryland,103.05157467760917,Yes
"Benson, Sean",Massachusetts,106.39008549438746,Yes
"Lee, Pitch",Maine,69.50842019721877,No
"Mccants, Gregory",Pennsylvania,113.47811699275798,No
"Jaquez, Daniel",Nevada,92.06432857255871,No
"Mock, Elizandro",California,148.03964724888664,No
"Brisker, Jayeir",New Mexico,102.51058727307253,Yes
"Robinson III, Bradley",Ohio,114.87938974270644,No
"Schafer, Andrea",Maryland,106.3618872301879,No
"Mandel, K'Lei",Utah,138.1322086022774,No
"Phagura, Bao Linh Tasha",Arizona,95.03456079401627,No
"Cordova, Monica",New Hampshire,109.46243788954787,No
"Dinsmore, Keisha",Wisconsin,77.01547439483579,Yes
"Pham, Donavahn",Arizona,124.79562954612899,No
"el-Sylla, Waliyya",Colorado,139.8382889204791,Yes
"Williams, Katherine",Colorado,97.56107523881614,Yes
"al-Kalil, Rihaab",Colorado,114.42560994222966,No
"Vivas, Antonio",Pennsylvania,106.2600332416948,No
"Kim, Kody",Arkansas,67.67731137332675,Yes
"Lappens, Amber",New Mexico,153.66234859708885,No
"Taylor, Abigail",Nevada,90.88765302224168,Yes
"Jackson, Richard",Ohio,89.8480084908015,No
"Waters, Riley",Ohio,84.99483509533299,Yes
"al-Naderi, Himma",Connecticut,99.56187203619,No
"Rose, Hannah",New Hampshire,87.58357552512412,Yes
"Vigil, Sergio",Wyoming,96.68304058663102,No
"Strait, Phydell",Texas,78.3755298716079,No
"Beck, John",Tennessee,96.93708572941154,No
"Rincon, Austin",Wisconsin,120.79138750715796,No
"Reed, Jessica",Tennessee,84.46393405565615,Yes
"Hoffmann, Kosuke",South Dakota,116.15329055548136,Yes
"Blaeholder, Shay",Arizona,128.9931996176648,No
"Guardipee, Schiara",Colorado,109.836737781428,Yes
"el-Alam, Zaahid",Iowa,90.74005599808947,Yes
"Liggett, Zaquin",Missouri,78.02084530164619,No
"Novianty, Walter",Tennessee,120.28252920535755,No
"Porter, Tatyanna",Kansas,111.23822430584798,Yes
"Quaney, Toya",Louisiana,80.37690826202692,No
"al-Atallah, Saamiqa",Wisconsin,80.38682921137138,Yes
"Bhartiya, Elizabeth",North Carolina,114.69555937130633,Yes
"Jebe, Danielle",Delaware,78.40530934547039,Yes
"Brisker, Jayeir",New Mexico,131.98214537658427,Yes
"Gonzalez, Jarid",Minnesota,89.68206200824118,No
"Meharzi, Li-Mae",Louisiana,105.69779780766677,No
"al-Samad, Nadiyya",Indiana,106.78225608266328,No
"Hunt, Sarah",Delaware,69.86792894893264,Yes
"Petrovich, Deanna",North Carolina,90.94129611521842,Yes
"Solomon, Marcus",Wisconsin,96.11750554119624,No
"Seltenreich, Jordan",Michigan,107.8470332208295,Yes
"Roman, Daniel",North Dakota,95.33105425456988,Yes
"Aragon, Anjelica",Delaware,105.07289574188879,No
"Jesmain, Kayla",South Carolina,117.12261332970256,Yes
"Colaroso, Emily",Virginia,77.0742433041723,No
"Lu, Mark",Arizona,113.00088537528103,No
"Cadorette, Taylor",New York,139.1801167428618,No
"Mckinney, Rachelle",Maryland,128.94129483416344,Yes
"Sams, Breeanna",Vermont,102.86786174444043,Yes
"al-Abbasi, Maisoon",Georgia,76.84381815880197,Yes
"Freed, Destiny",Maine,100.98814246886707,No
"Dorsey, Sierra",Georgia,60.790141074937964,Yes
"Wedemeyer, Andrew",Oklahoma,89.40203186641116,No
"Haley, Morgun",Illinois,87.52213255746898,Yes
"el-Hanif, Qamraaa",Minnesota,90.20119375861216,Yes
"Sarmiento, Cristen",Wisconsin,98.53909554612835,No
"Brungardt, Dallen",Rhode Island,113.17731576406925,No
"al-Wahba, Naaila",Nebraska,106.96491522582309,Yes
"Rustad, Conner",North Carolina,126.35781230005094,No
"el-Sabir, Raita",Arizona,124.36915945126978,No
"Hartman, Kelsea",Virginia,91.85889748956679,Yes
"Cereceres, Shamika",Wisconsin,60.65238737865734,Yes
"Wing, Dwight",South Carolina,110.78032141650652,Yes
"el-Raad, Mawdood",Delaware,124.20684956055713,Yes
"Rose, Macon",Texas,101.89879959837319,No
"Kulkarni, Kelly",North Carolina,85.98609725641411,No
"Quintana, Brandon",Missouri,153.78480709078815,No
"Maez, Madisen",New York,112.82876113702565,Yes
"Hill, Jody",Georgia,74.85511623973386,Yes
"Garcia, Angelic",Washington,123.20593875127005,Yes
"Lerena, Daniel",Michigan,101.1077212080128,No
"Thomas, Alexander",Michigan,117.28129530368739,Yes
"Hammond, Thomas",Louisiana,100.83901244890538,Yes
"Kern, Colt",Iowa,59.73776977146915,No
"Jain, Emma",New York,102.23171669932199,No
"Williamson, Kyle",Wyoming,98.50789694808178,Yes
"Bryant, Katie",Florida,116.19623747129224,Yes
"Maes, Maribel",Alabama,88.26440826420034,Yes
"el-Edris, Saleema",Kansas,104.64917177636762,Yes
"Haley, Morgun",Illinois,141.02470521123297,No
"White, Juan",New Jersey,109.8623475194856,Yes
"al-Zia, Inaaya",Georgia,61.94762952992842,Yes
"Leslie, Skyler",Arizona,90.15111729745479,No
"Kwon, Terry",Vermont,99.49723260827288,Yes
"Price, Sabrina",Wyoming,95.72568548037323,No
"Watts, Heather",Washington,76.71451793034706,Yes
"al-Javid, Talaal",Connecticut,102.8198376212812,Yes
"Wooldridge, Taygeta",New Hampshire,70.60282703007915,No
"al-Kalil, Rihaab",Colorado,139.0663502506424,Yes
"el-Abdallah, Siddeeqa",Wyoming,95.69432541091855,No
"Zubia, Savannah",Oklahoma,127.07160348754824,No
"Cottonwood, Kyle",Tennessee,91.415979885465,Yes
"Metzger, Jeremy",Ohio,78.13556237422873,Yes
"Lawson, Morgan",Wyoming,73.49850334823059,Yes
"al-Hussain, Uqbah",Vermont,118.87816213243758,Yes
"Barringer, Kelsey",Minnesota,132.35152351496646,No
